{
    "identifier": "sn-vscode-theme",
    "name": "VS Code Theme",
    "content_type": "SN|Theme",
    "area": "themes",
    "version": "1.0.16",
    "download_url": "https://marcaux.de/sn/vscode-theme/sn-vscode-theme.zip",
    "url": "https://marcaux.de/sn/vscode-theme/dist/dist.css",
    "latest_url": "https://marcaux.de/sn/vscode-theme/ext.json",
    "thumbnail_url": "https://marcaux.de/sn/vscode-theme/screenshot.png",
    "dock_icon": {
      "type": "circle",
      "background_color": "#252526",
      "foreground_color": "#D4D4D4",
      "border_color": "#7ba78a"
    },
    "statusBar": "dark-content"
}
